id,brand,model,year,price,mileage,transmission,fuel,color,description,features,status,image1,image2,image3,image4,image5,video_url,featured,sold_date,date_added
CAR001,Toyota,Avanza 1.3 G,2020,165000000,45000,Manual,Bensin,Hitam Metalik,Kondisi sangat terawat dan siap pakai. Service rutin di bengkel resmi Toyota. Interior bersih dan rapi. AC dingin mesin halus. Pajak panjang STNK lengkap.,AC;Power Window;Power Steering;ABS;Airbag;Audio System;Velg Racing,available,https://drive.google.com/file/d/1234567890/view,https://drive.google.com/file/d/1234567891/view,https://drive.google.com/file/d/1234567892/view,,,https://www.youtube.com/watch?v=dQw4w9WgXcQ,TRUE,,2024-12-20
CAR002,Honda,Brio Satya E,2019,135000000,38000,Manual,Bensin,Putih,Mobil city car ekonomis cocok untuk harian. Irit bahan bakar dan lincah di dalam kota. Kondisi mesin sehat tidak ada PR. Pajak hidup BPKB STNK lengkap.,AC;Power Window;Central Lock;Audio System,available,https://drive.google.com/file/d/2234567890/view,https://drive.google.com/file/d/2234567891/view,,,,https://www.youtube.com/watch?v=dQw4w9WgXcQ,TRUE,,2024-12-21
CAR003,Suzuki,Ertiga GX,2021,195000000,25000,Automatic,Bensin,Silver,MPV 7-seater kondisi seperti baru. Masih ada warranty resmi Suzuki. Jarang pakai kilometer rendah. Plat B tangan pertama dari baru.,AC;Power Window;Power Steering;ABS;Airbag;Audio Touchscreen;Kamera Mundur,sold,https://drive.google.com/file/d/3234567890/view,https://drive.google.com/file/d/3234567891/view,https://drive.google.com/file/d/3234567892/view,https://drive.google.com/file/d/3234567893/view,,,FALSE,2024-12-22,2024-12-15
CAR004,Daihatsu,Xenia 1.3 R,2018,125000000,62000,Manual,Bensin,Abu-abu,Mobil keluarga yang nyaman dan irit. Service record lengkap di bengkel resmi. Cocok untuk keluarga kecil. Mesin sehat kaki-kaki empuk.,AC;Power Window;Power Steering;Audio System;Velg Alloy,available,https://drive.google.com/file/d/4234567890/view,https://drive.google.com/file/d/4234567891/view,,,,FALSE,,2024-12-18
CAR005,Toyota,Rush 1.5 S,2017,185000000,75000,Automatic,Bensin,Merah Maroon,SUV 7-seater yang tangguh. Cocok untuk keluarga besar atau mudik. Ground clearance tinggi nyaman di berbagai medan. Mesin Toyota terkenal bandel.,AC;Power Window;Power Steering;ABS;Airbag;Audio System;Foglamp,available,https://drive.google.com/file/d/5234567890/view,https://drive.google.com/file/d/5234567891/view,https://drive.google.com/file/d/5234567892/view,,,TRUE,,2024-12-19
CAR006,Honda,Jazz RS,2016,175000000,68000,Automatic,Bensin,Biru Metalik,Hatchback sporty dan dinamis. Mesin i-VTEC responsif dan irit. Interior luas kabin lega untuk ukuran city car. Audio system upgrade.,AC;Power Window;Power Steering;ABS;Airbag;Audio Touchscreen;Velg Racing;Spoiler,available,https://drive.google.com/file/d/6234567890/view,https://drive.google.com/file/d/6234567891/view,,,,FALSE,,2024-12-17
CAR007,Mitsubishi,Pajero Sport Dakar,2015,285000000,95000,Automatic,Diesel,Putih Mutiara,SUV mewah dan tangguh untuk segala medan. Mesin diesel bertenaga irit BBM. Interior premium full leather. Service record lengkap di bengkel resmi.,AC;Power Window;Power Steering;ABS;Airbag;Audio Touchscreen;Leather Seat;Sunroof;Cruise Control,sold,https://drive.google.com/file/d/7234567890/view,https://drive.google.com/file/d/7234567891/view,https://drive.google.com/file/d/7234567892/view,https://drive.google.com/file/d/7234567893/view,https://drive.google.com/file/d/7234567894/view,,FALSE,2024-12-23,2024-12-10
CAR008,Toyota,Innova Reborn 2.4 G,2019,285000000,52000,Manual,Diesel,Silver,MPV legendaris paling dicari. Mesin diesel bandel dan irit. Kabin luas nyaman untuk perjalanan jauh. Tangan pertama pajak panjang.,AC;Power Window;Power Steering;ABS;Airbag;Audio Touchscreen;Kamera Mundur,available,https://drive.google.com/file/d/8234567890/view,https://drive.google.com/file/d/8234567891/view,https://drive.google.com/file/d/8234567892/view,,,https://www.youtube.com/watch?v=dQw4w9WgXcQ,TRUE,,2024-12-16
CAR009,Honda,Mobilio E,2017,135000000,71000,Manual,Bensin,Coklat Metalik,MPV kompak cocok untuk keluarga. Kabin luas 7-seater dengan harga terjangkau. Irit BBM untuk perjalanan dalam kota maupun luar kota.,AC;Power Window;Power Steering;Audio System,available,https://drive.google.com/file/d/9234567890/view,https://drive.google.com/file/d/9234567891/view,,,,FALSE,,2024-12-14
CAR010,Daihatsu,Terios X,2016,155000000,82000,Manual,Bensin,Hijau Army,SUV kompak dengan ground clearance tinggi. Cocok untuk adventure dan medan berat. Mesin bandel perawatan murah. Interior sporty.,AC;Power Window;Power Steering;Foglamp;Roof Rack,available,https://drive.google.com/file/d/0234567890/view,https://drive.google.com/file/d/0234567891/view,,,,FALSE,,2024-12-13
CAR011,Toyota,Fortuner VRZ,2018,425000000,58000,Automatic,Diesel,Hitam,SUV premium tangguh dan mewah. Mesin diesel turbo bertenaga. Interior full leather dengan fitur lengkap. Tangan pertama dari baru.,AC;Power Window;Power Steering;ABS;Airbag;Audio Touchscreen;Leather Seat;Sunroof;Cruise Control;Parking Sensor,sold,https://drive.google.com/file/d/1134567890/view,https://drive.google.com/file/d/1134567891/view,https://drive.google.com/file/d/1134567892/view,https://drive.google.com/file/d/1134567893/view,,,FALSE,2024-12-21,2024-12-05
CAR012,Suzuki,Baleno Hatchback,2018,165000000,48000,Automatic,Bensin,Merah,Hatchback premium dengan desain elegan. Kabin luas dan nyaman. Fitur safety lengkap. Cocok untuk eksekutif muda.,AC;Power Window;Power Steering;ABS;Airbag;Audio Touchscreen;Kamera Mundur;Keyless Entry,available,https://drive.google.com/file/d/1234567893/view,https://drive.google.com/file/d/1234567894/view,https://drive.google.com/file/d/1234567895/view,,,FALSE,,2024-12-12
